<?xml version="1.0" encoding="UTF-8"?>
 
<!DOCTYPE struts PUBLIC
    "-//Apache Software Foundation//DTD Struts Configuration 2.3//EN"
    "http://struts.apache.org/dtds/struts-2.3.dtd">
<struts>
<constant name="struts.devMode" value="false"></constant>
<constant name="struts.convention.result.path" value="/"></constant>
<package name="user" namespace="/" extends="struts-default">
    <action name="home">
        <result>/home.jsp</result>
    </action>
    <action name="welcome" class="com.ridkar.maven.struts2.actions.WelcomeAction">
    <result name="success">/welcome.jsp</result>
    </action>
 
</package>
 
</struts>